City_ID,City,Lat,Lng,Max Temp,Humidity,Cloudiness,Wind Speed,Country,Date
0,Cape Town,-33.9258,18.4232,58.12,83,75,24.16,ZA,2022-06-17 18:50:02
1,Egvekinot,66.3167,-179.1667,37.17,90,95,5.08,RU,2022-06-17 18:51:25
2,Hede,33.7681,120.2517,78.6,62,0,7.96,CN,2022-06-17 18:51:25
3,Port Alfred,-33.5906,26.891,63.64,41,0,11.32,ZA,2022-06-17 18:51:25
4,Saint George,37.1041,-113.5841,100.63,6,0,25.32,US,2022-06-17 18:50:27
5,Bathsheba,13.2167,-59.5167,86.61,66,40,18.41,BB,2022-06-17 18:51:26
6,Mar Del Plata,-38.0023,-57.5575,50.09,82,75,19.57,AR,2022-06-17 18:49:28
7,Sao Paulo De Olivenca,-3.3783,-68.8725,91.65,47,59,2.15,BR,2022-06-17 18:51:27
8,Kupang,-10.1667,123.5833,76.01,80,99,9.95,ID,2022-06-17 18:51:27
9,Busselton,-33.65,115.3333,56.17,69,100,18.86,AU,2022-06-17 18:51:27
10,Longyearbyen,78.2186,15.6401,40.84,81,75,10.36,SJ,2022-06-17 18:51:28
11,Bethel,41.3712,-73.414,89.02,49,0,13.8,US,2022-06-17 18:51:28
12,Vao,-22.6667,167.4833,73.83,86,100,18.16,NC,2022-06-17 18:51:29
13,Vila Velha,-20.3297,-40.2925,78.75,72,0,13.8,BR,2022-06-17 18:51:29
14,Chuy,-33.6971,-53.4616,58.26,46,100,16.75,UY,2022-06-17 18:51:10
15,Tiksi,71.6872,128.8694,32.97,87,100,5.95,RU,2022-06-17 18:51:29
16,Elizabeth City,36.2946,-76.2511,99.05,50,0,9.22,US,2022-06-17 18:51:30
17,Kapaa,22.0752,-159.319,79.12,83,40,13.8,US,2022-06-17 18:50:59
18,Rikitea,-23.1203,-134.9692,72.5,65,100,4.14,PF,2022-06-17 18:51:30
19,Lethem,3.3803,-59.7968,87.85,70,75,11.5,GY,2022-06-17 18:51:31
20,Atuona,-9.8,-139.0333,78.4,66,0,18.28,PF,2022-06-17 18:51:31
21,Voh,-20.9667,164.7,71.89,93,100,4.21,NC,2022-06-17 18:51:31
22,Tura,25.5198,90.2201,72.14,99,100,6.04,IN,2022-06-17 18:51:32
23,Djambala,-2.5447,14.7533,68.41,74,99,4.12,CG,2022-06-17 18:42:21
24,Makinsk,52.6292,70.4169,60.89,64,22,1.48,KZ,2022-06-17 18:51:32
25,Hirara,24.8,125.2833,81.79,84,100,12.75,JP,2022-06-17 18:51:32
26,Hermanus,-34.4187,19.2345,59.45,60,96,11.48,ZA,2022-06-17 18:51:33
27,Bambous Virieux,-20.3428,57.7575,69.22,88,20,6.91,MU,2022-06-17 18:51:33
28,Mataura,-46.1927,168.8643,35.47,98,62,3.44,NZ,2022-06-17 18:51:33
29,Tayshet,55.9342,98.0044,60.48,71,100,4.05,RU,2022-06-17 18:51:34
30,Mahebourg,-20.4081,57.7,69.26,88,20,6.91,MU,2022-06-17 18:51:34
31,Washington,47.5001,-120.5015,61.92,57,100,4.54,US,2022-06-17 18:48:04
32,Tuktoyaktuk,69.4541,-133.0374,53.6,62,75,5.75,CA,2022-06-17 18:51:35
33,Victoria,22.2855,114.1577,84.38,88,100,10.0,HK,2022-06-17 18:42:16
34,Provideniya,64.3833,-173.3,50.36,52,12,1.5,RU,2022-06-17 18:51:35
35,Tupik,54.4253,119.9327,49.42,93,31,2.57,RU,2022-06-17 18:51:35
36,Ambilobe,-13.2,49.05,69.17,90,87,2.19,MG,2022-06-17 18:51:36
37,Magadi,12.9667,77.2333,75.36,80,100,5.44,IN,2022-06-17 18:51:36
38,Broome,42.2506,-75.833,81.54,50,75,14.97,US,2022-06-17 18:44:44
39,Ribeira Grande,38.5167,-28.7,70.2,83,75,5.75,PT,2022-06-17 18:51:36
40,Punta Arenas,-53.15,-70.9167,37.51,56,40,19.57,CL,2022-06-17 18:51:37
41,Kruisfontein,-34.0033,24.7314,59.31,31,0,8.61,ZA,2022-06-17 18:51:37
42,Albany,42.6001,-73.9662,82.38,45,71,3.0,US,2022-06-17 18:50:49
43,Pisco,-13.7,-76.2167,69.85,56,0,10.36,PE,2022-06-17 18:51:37
44,Meulaboh,4.1363,96.1285,77.36,81,100,0.78,ID,2022-06-17 18:51:38
45,Hilo,19.7297,-155.09,83.28,77,40,5.01,US,2022-06-17 18:50:27
46,Benguela,-12.5763,13.4055,67.33,85,77,6.69,AO,2022-06-17 18:51:38
47,Jamestown,42.097,-79.2353,76.05,48,0,23.02,US,2022-06-17 18:52:39
48,Ketchikan,55.3422,-131.6461,57.67,72,0,8.05,US,2022-06-17 18:52:39
49,Cidreira,-30.1811,-50.2056,61.65,95,100,14.18,BR,2022-06-17 18:52:39
50,Puerto Ayora,-0.7393,-90.3518,80.56,88,69,8.99,EC,2022-06-17 18:52:40
51,Korla,41.7597,86.1469,70.43,54,100,6.42,CN,2022-06-17 18:52:40
52,Paamiut,61.994,-49.6678,45.68,73,100,45.79,GL,2022-06-17 18:52:40
53,Kodiak,57.79,-152.4072,47.71,93,100,10.36,US,2022-06-17 18:52:41
54,Saskylakh,71.9167,114.0833,59.65,47,100,11.39,RU,2022-06-17 18:52:41
55,Qaanaaq,77.484,-69.3632,39.81,83,6,3.02,GL,2022-06-17 18:52:41
56,Ushuaia,-54.8,-68.3,31.66,86,75,33.38,AR,2022-06-17 18:48:55
57,Venezuela,8.0,-66.0,86.67,55,91,10.96,VE,2022-06-17 18:52:03
58,Nizwa,22.9333,57.5333,93.13,29,16,3.6,OM,2022-06-17 18:52:42
59,Ocampo,21.65,-101.5,75.09,28,3,14.43,MX,2022-06-17 18:52:42
60,Aurora,39.7294,-104.8319,95.95,21,40,23.02,US,2022-06-17 18:52:07
61,Georgetown,5.4112,100.3354,78.73,93,40,2.3,MY,2022-06-17 18:52:43
62,Turinsk,58.0458,63.696,59.61,88,16,3.04,RU,2022-06-17 18:52:43
63,Sola,-13.8833,167.55,75.87,100,40,0.0,VU,2022-06-17 18:52:43
64,Hasaki,35.7333,140.8333,64.8,84,100,5.82,JP,2022-06-17 18:52:44
65,Khatanga,71.9667,102.5,57.76,60,97,13.89,RU,2022-06-17 18:52:44
66,Castro,-24.7911,-50.0119,66.13,73,91,11.14,BR,2022-06-17 18:50:17
67,Havre,49.5833,0.3333,83.97,39,0,4.61,FR,2022-06-17 18:52:44
68,Vaini,-21.2,-175.2,75.36,88,75,9.22,TO,2022-06-17 18:52:45
69,Neuquen,-38.9516,-68.0591,57.09,23,0,9.22,AR,2022-06-17 18:52:45
70,Yumen,40.2833,97.2,73.54,30,100,5.28,CN,2022-06-17 18:52:45
71,Aksarka,66.5606,67.7975,64.26,60,91,10.78,RU,2022-06-17 18:52:46
72,Lac Du Bonnet,50.2536,-96.0612,70.21,48,7,4.99,CA,2022-06-17 18:52:46
73,Port-Gentil,-0.7193,8.7815,76.96,78,40,8.05,GA,2022-06-17 18:52:46
74,Naze,28.3667,129.4833,74.32,85,100,19.53,JP,2022-06-17 18:52:47
75,San Patricio,28.017,-97.5169,95.72,37,11,14.76,US,2022-06-17 18:52:47
76,Bredasdorp,-34.5322,20.0403,54.36,51,10,2.35,ZA,2022-06-17 18:52:47
77,Atlantic City,39.3643,-74.4229,95.02,54,50,16.46,US,2022-06-17 18:50:28
78,Mackay,-21.15,149.2,55.69,78,1,11.48,AU,2022-06-17 18:52:48
79,La Sarre,48.8002,-79.1996,38.91,95,100,17.09,CA,2022-06-17 18:52:48
80,Ilhabela,-23.7781,-45.3581,75.06,64,25,5.59,BR,2022-06-17 18:52:48
81,Corrales,35.2378,-106.6067,93.85,27,40,9.22,US,2022-06-17 18:52:49
82,Yellowknife,62.456,-114.3525,64.92,42,40,5.75,CA,2022-06-17 18:52:49
83,Torbay,47.6666,-52.7314,68.29,67,20,16.11,CA,2022-06-17 18:52:49
84,Tsagan Aman,47.5639,46.7218,70.0,40,7,8.81,RU,2022-06-17 18:52:50
85,Acobamba,-11.3525,-75.6594,64.78,36,17,10.25,PE,2022-06-17 18:52:50
86,Komsomolskiy,40.4272,71.7189,74.12,43,100,18.41,UZ,2022-06-17 18:52:50
87,Cap Malheureux,-19.9842,57.6142,69.48,77,0,3.0,MU,2022-06-17 18:52:51
88,Marzuq,14.4,46.4667,84.69,40,97,5.59,YE,2022-06-17 18:52:51
89,Shache,38.4167,77.2406,78.46,21,100,10.38,CN,2022-06-17 18:52:51
90,Berettyoujfalu,47.2167,21.55,73.89,47,40,15.05,HU,2022-06-17 18:52:52
91,Karratha,-20.7377,116.8463,76.05,74,97,8.32,AU,2022-06-17 18:52:52
92,Barrow,71.2906,-156.7887,41.41,83,100,8.59,US,2022-06-17 18:53:52
93,Saldanha,-33.0117,17.9442,57.25,92,99,21.72,ZA,2022-06-17 18:44:44
94,Bubaque,11.2833,-15.8333,79.3,76,58,13.42,GW,2022-06-17 18:53:53
95,Bonga,7.2833,36.2333,59.74,98,49,0.98,ET,2022-06-17 18:53:53
96,Lebu,-37.6167,-73.65,50.38,78,45,8.21,CL,2022-06-17 18:53:53
97,Chimoio,-19.1164,33.4833,60.66,88,40,2.55,MZ,2022-06-17 18:53:54
98,Fairbanks,64.8378,-147.7164,71.49,55,0,4.61,US,2022-06-17 18:52:11
99,Katsuura,35.1333,140.3,71.08,91,100,10.4,JP,2022-06-17 18:53:54
100,Marsh Harbour,26.5412,-77.0636,79.57,67,9,14.32,BS,2022-06-17 18:53:55
101,Lompoc,34.6391,-120.4579,72.79,70,0,17.0,US,2022-06-17 18:53:55
102,Auki,-8.7676,160.7034,76.6,87,100,5.5,SB,2022-06-17 18:53:55
103,Dikson,73.5069,80.5464,30.76,91,100,14.88,RU,2022-06-17 18:53:55
104,La Ronge,55.1001,-105.2842,57.45,67,75,14.97,CA,2022-06-17 18:53:56
105,Carnarvon,-24.8667,113.6333,62.67,100,100,6.91,AU,2022-06-17 18:53:56
106,Arraial Do Cabo,-22.9661,-42.0278,78.76,61,0,14.97,BR,2022-06-17 18:53:56
107,Tsurib,42.2368,46.8307,54.59,96,52,1.19,RU,2022-06-17 18:53:57
108,Te Anau,-45.4167,167.7167,36.84,94,54,1.54,NZ,2022-06-17 18:53:57
109,Vanimo,-2.6741,141.3028,76.6,88,85,4.54,PG,2022-06-17 18:53:57
110,Zemaiciu Naumiestis,55.3592,21.7022,56.23,88,80,5.35,LT,2022-06-17 18:53:58
111,New Norfolk,-42.7826,147.0587,47.91,90,100,1.21,AU,2022-06-17 18:53:58
112,Aranos,-24.1333,19.1167,63.23,22,0,9.08,NA,2022-06-17 18:53:58
113,Avarua,-21.2078,-159.775,77.05,69,100,6.91,CK,2022-06-17 18:53:59
114,Salalah,17.0151,54.0924,83.08,85,31,8.21,OM,2022-06-17 18:53:59
115,Kaitangata,-46.2817,169.8464,37.31,92,14,8.43,NZ,2022-06-17 18:53:59
116,Laguna,38.421,-121.4238,72.43,42,0,8.05,US,2022-06-17 18:54:00
117,Kulhudhuffushi,6.6221,73.07,82.13,79,100,12.75,MV,2022-06-17 18:54:00
118,Krasnoselkup,65.7,82.4667,54.77,53,14,11.63,RU,2022-06-17 18:54:00
119,Sechura,-5.5569,-80.8222,74.77,54,6,14.09,PE,2022-06-17 18:54:01
120,Calama,-22.4667,-68.9333,64.89,8,0,19.57,CL,2022-06-17 18:54:01
121,Ancud,-41.8697,-73.8203,45.23,70,99,5.53,CL,2022-06-17 18:49:27
122,Charters Towers,-20.1,146.2667,59.32,92,0,6.55,AU,2022-06-17 18:54:02
123,Hit,33.6416,42.8251,96.78,15,0,9.62,IQ,2022-06-17 18:54:02
124,Conceicao Da Barra,-18.5933,-39.7322,74.25,60,2,6.82,BR,2022-06-17 18:54:02
125,Saint-Georges,12.0564,-61.7485,87.48,66,20,23.02,GD,2022-06-17 18:52:11
126,Luderitz,-26.6481,15.1594,55.83,92,0,5.53,NA,2022-06-17 18:54:03
127,Carahue,-38.7,-73.1667,49.55,69,87,3.11,CL,2022-06-17 18:49:20
128,Flin Flon,54.7682,-101.865,57.04,54,75,8.05,CA,2022-06-17 18:54:04
129,Faanui,-16.4833,-151.75,80.13,72,7,17.31,PF,2022-06-17 18:54:04
130,Bluff,-46.6,168.3333,35.8,81,100,17.69,NZ,2022-06-17 18:54:04
131,Klaksvik,62.2266,-6.589,47.32,89,100,43.49,FO,2022-06-17 18:54:05
132,Rambouillet,48.5833,1.9167,87.85,60,3,0.58,FR,2022-06-17 18:54:05
133,Vila,42.0304,-8.1588,67.69,72,16,4.23,PT,2022-06-17 18:54:05
134,Acapulco,16.8634,-99.8901,83.08,69,95,7.87,MX,2022-06-17 18:54:06
135,Talnakh,69.4865,88.3972,47.21,75,40,6.82,RU,2022-06-17 18:54:06
136,Soria,41.6667,-2.6667,86.11,33,58,6.82,ES,2022-06-17 18:54:07
137,Gambela,8.25,34.5833,74.8,77,28,3.27,ET,2022-06-17 18:54:07
138,Cabo San Lucas,22.8909,-109.9124,89.19,63,100,3.87,MX,2022-06-17 18:52:38
139,Jumla,29.2747,82.1838,58.95,90,68,3.85,NP,2022-06-17 18:55:08
140,Pevek,69.7008,170.3133,35.91,76,100,2.71,RU,2022-06-17 18:55:08
141,Hithadhoo,-0.6,73.0833,82.29,73,100,7.65,MV,2022-06-17 18:55:08
142,Hobart,-42.8794,147.3294,48.25,97,100,5.75,AU,2022-06-17 18:53:32
143,Grindavik,63.8424,-22.4338,51.75,87,75,25.32,IS,2022-06-17 18:55:09
144,Rabat,33.9911,-6.8401,75.04,78,40,8.05,MA,2022-06-17 18:52:35
145,Bonavista,48.6499,-53.1147,50.5,74,5,22.06,CA,2022-06-17 18:55:09
146,Bilibino,68.0546,166.4372,55.33,42,43,1.88,RU,2022-06-17 18:55:10
147,Vallenar,-28.5708,-70.7581,70.23,20,0,5.44,CL,2022-06-17 18:55:11
148,Kungurtug,50.5994,97.5228,48.25,93,63,1.79,RU,2022-06-17 18:55:11
149,Makakilo City,21.3469,-158.0858,79.02,67,20,0.0,US,2022-06-17 18:55:12
150,East London,-33.0153,27.9116,59.94,55,0,5.75,ZA,2022-06-17 18:55:12
151,Iqaluit,63.7506,-68.5145,38.93,75,100,17.27,CA,2022-06-17 18:55:12
152,Batagay,67.6333,134.6333,45.86,57,72,3.11,RU,2022-06-17 18:55:13
153,Zhigansk,66.7697,123.3711,51.33,51,100,5.06,RU,2022-06-17 18:55:13
154,Baherden,38.4362,57.4316,89.6,29,0,4.43,TM,2022-06-17 18:55:14
155,Shelburne,44.0787,-80.2041,71.91,51,1,22.64,CA,2022-06-17 18:55:14
156,Nebolchi,59.1239,33.3454,50.63,90,100,3.36,RU,2022-06-17 18:55:14
157,Clyde River,70.4692,-68.5914,34.03,86,75,35.68,CA,2022-06-17 18:55:15
158,Verkhnevilyuysk,63.4453,120.3167,49.19,62,6,3.27,RU,2022-06-17 18:55:15
159,Saint-Augustin,51.226,-58.6502,50.99,91,100,18.39,CA,2022-06-17 18:55:15
160,Kavieng,-2.5744,150.7967,81.27,72,76,14.52,PG,2022-06-17 18:55:16
161,Eureka,40.8021,-124.1637,64.2,65,29,7.0,US,2022-06-17 18:52:22
162,Tasiilaq,65.6145,-37.6368,38.82,79,52,8.9,GL,2022-06-17 18:55:16
163,Goias,-15.5807,-49.6362,88.7,20,1,4.56,BR,2022-06-17 18:55:17
164,Sao Jose Da Coroa Grande,-8.8978,-35.1478,77.76,81,84,0.58,BR,2022-06-17 18:55:17
165,Airai,-8.9266,125.4092,56.86,93,16,3.47,TL,2022-06-17 18:55:17
166,Shush,32.1942,48.2436,99.34,8,0,8.12,IR,2022-06-17 18:55:18
167,Yulara,-25.2406,130.9889,55.89,54,14,7.7,AU,2022-06-17 18:55:18
168,Orlik,52.5178,99.825,51.4,94,100,2.48,RU,2022-06-17 18:55:18
169,Troitskoye,52.9821,84.6757,55.6,98,100,7.81,RU,2022-06-17 18:55:19
170,Bosaso,11.2842,49.1816,91.49,47,80,6.15,SO,2022-06-17 18:55:19
171,Champerico,14.3,-91.9167,86.54,76,100,3.78,GT,2022-06-17 18:55:20
172,Locri,38.2414,16.2623,78.31,72,100,8.25,IT,2022-06-17 18:55:20
173,Kanadey,53.1679,47.5264,57.94,82,15,3.69,RU,2022-06-17 18:55:20
174,Portland,45.5234,-122.6762,58.44,88,100,1.99,US,2022-06-17 18:53:41
175,Camacha,33.0833,-16.3333,67.42,68,40,14.97,PT,2022-06-17 18:55:21
176,Port Pirie,-33.1833,138.0167,50.2,71,0,6.71,AU,2022-06-17 18:55:22
177,Astana,51.1801,71.446,66.15,48,20,6.71,KZ,2022-06-17 18:50:34
178,Nikolskoye,59.7035,30.7861,54.81,80,100,5.7,RU,2022-06-17 18:55:22
179,Barda,40.3744,47.1267,83.48,38,0,11.01,AZ,2022-06-17 18:55:22
180,San Quintin,30.4833,-115.95,70.21,65,12,12.37,MX,2022-06-17 18:55:23
181,Shingu,33.7333,135.9833,71.24,92,100,4.94,JP,2022-06-17 18:55:23
182,Itaqui,-29.1253,-56.5531,60.21,74,34,18.23,BR,2022-06-17 18:55:23
183,Fukuma,33.7667,130.4667,73.4,93,12,2.98,JP,2022-06-17 18:56:24
184,Am Timan,11.0297,20.2827,90.99,36,91,4.65,TD,2022-06-17 18:56:24
185,Saint-Philippe,-21.3585,55.7679,71.19,81,26,2.73,RE,2022-06-17 18:56:25
186,Voi,-3.3945,38.563,69.13,75,4,8.25,KE,2022-06-17 18:56:25
187,Serebryanyy Bor,56.8,124.8,46.4,95,85,2.71,RU,2022-06-17 18:56:25
188,Maniitsoq,65.4167,-52.9,35.38,99,100,15.55,GL,2022-06-17 18:56:26
189,Butaritari,3.0707,172.7902,82.15,77,10,14.97,KI,2022-06-17 18:56:26
190,Necochea,-38.5473,-58.7368,47.75,68,100,27.18,AR,2022-06-17 18:56:26
191,Mehamn,71.0357,27.8492,42.75,81,75,6.91,NO,2022-06-17 18:56:26
192,Tessalit,20.1986,1.0114,84.67,40,100,7.74,ML,2022-06-17 18:56:27
193,Petropavl,54.8753,69.1628,60.46,75,1,3.2,KZ,2022-06-17 18:52:11
194,Lavrentiya,65.5833,-171.0,46.54,62,21,1.88,RU,2022-06-17 18:56:27
195,Cherskiy,68.75,161.3,46.74,52,34,6.24,RU,2022-06-17 18:56:28
196,Guiratinga,-16.3494,-53.7583,91.15,26,13,6.02,BR,2022-06-17 18:56:28
197,Nome,64.5011,-165.4064,60.17,58,100,3.69,US,2022-06-17 18:56:29
198,General Roca,-39.0333,-67.5833,61.63,21,0,19.84,AR,2022-06-17 18:56:29
199,Ponta Do Sol,32.6667,-17.1,73.71,65,1,1.59,PT,2022-06-17 18:56:29
200,Goma,-1.6792,29.2228,62.67,86,49,3.83,CD,2022-06-17 18:56:30
201,Bengkulu,-3.8004,102.2655,75.87,91,86,7.34,ID,2022-06-17 18:56:30
202,Ostrovnoy,68.0531,39.5131,39.72,98,100,18.16,RU,2022-06-17 18:56:30
203,Todos Santos,23.45,-110.2167,99.05,62,62,5.68,MX,2022-06-17 18:56:31
204,Yaan,7.3833,8.5667,70.74,96,100,4.68,NG,2022-06-17 18:56:31
205,Coos Bay,43.3665,-124.2179,61.93,92,97,1.01,US,2022-06-17 18:56:31
206,Vila Franca Do Campo,37.7167,-25.4333,70.21,80,14,5.3,PT,2022-06-17 18:56:32
207,Lufilufi,-13.8745,-171.5986,73.18,79,69,23.94,WS,2022-06-17 18:56:32
208,Port Hardy,50.6996,-127.4199,53.78,87,75,6.91,CA,2022-06-17 18:56:32
209,Khandyga,62.6667,135.6,54.3,94,100,0.54,RU,2022-06-17 18:56:33
210,Ponta Delgada,37.7333,-25.6667,70.52,83,75,10.36,PT,2022-06-17 18:56:33
211,Lorengau,-2.0226,147.2712,79.74,83,100,8.41,PG,2022-06-17 18:56:33
212,Cocorit,27.5833,-109.9667,99.37,31,50,15.68,MX,2022-06-17 18:56:34
213,Mecca,21.4267,39.8261,91.49,25,43,6.26,SA,2022-06-17 18:56:34
214,Kavaratti,10.5669,72.642,83.25,71,96,16.08,IN,2022-06-17 18:56:34
215,Puerto Cabezas,14.0351,-83.3888,85.96,79,40,4.61,NI,2022-06-17 18:56:34
216,Teguldet,57.3064,88.1667,54.01,99,62,5.73,RU,2022-06-17 18:56:35
217,Umuahia,5.5263,7.4896,70.32,96,100,3.06,NG,2022-06-17 18:56:35
218,Kremenchuk,49.0973,33.4197,67.23,51,88,5.7,UA,2022-06-17 18:56:36
219,Asfi,32.2994,-9.2372,70.45,77,0,20.45,MA,2022-06-17 18:55:10
220,Cockburn Town,21.4612,-71.1419,81.82,74,100,12.15,TC,2022-06-17 18:56:36
221,Takoradi,4.8845,-1.7554,76.03,87,98,9.48,GH,2022-06-17 18:56:36
222,Chimbote,-9.0853,-78.5783,66.67,69,46,8.84,PE,2022-06-17 18:56:34
223,Marsala,37.7966,12.4352,82.94,64,5,11.43,IT,2022-06-17 18:56:37
224,Mount Gambier,-37.8333,140.7667,44.51,93,75,9.22,AU,2022-06-17 18:56:37
225,Ola,59.5833,151.2833,46.15,92,68,3.62,RU,2022-06-17 18:56:37
226,San Cristobal,7.7669,-72.225,78.98,69,100,5.44,VE,2022-06-17 18:56:38
227,Krasnyy Chikoy,50.3643,108.7512,59.27,87,100,4.09,RU,2022-06-17 18:56:38
228,Kon Tum,14.35,108.0,70.57,97,93,1.36,VN,2022-06-17 18:57:38
229,Margate,51.3813,1.3862,75.31,63,11,15.37,GB,2022-06-17 18:57:39
230,Shimoda,34.6667,138.95,73.11,95,100,9.71,JP,2022-06-17 18:57:39
231,Chhagalnaiya,23.03,91.5069,77.58,93,100,12.8,BD,2022-06-17 18:57:39
232,Kindersley,51.4668,-109.1682,73.42,49,20,29.93,CA,2022-06-17 18:53:13
233,Jinxi,30.4323,116.2922,72.81,96,45,0.72,CN,2022-06-17 18:57:40
234,Husavik,66.0449,-17.3389,44.94,98,100,14.65,IS,2022-06-17 18:57:40
235,Oistins,13.0667,-59.5333,86.09,66,40,18.41,BB,2022-06-17 18:52:57
236,Hirado,33.3597,129.5531,72.39,94,13,2.06,JP,2022-06-17 18:57:41
237,Ilulissat,69.2167,-51.1,36.81,92,96,5.64,GL,2022-06-17 18:57:41
238,Sakakah,29.9697,40.2064,101.77,14,0,12.39,SA,2022-06-17 18:57:41
239,Bad Salzungen,50.8167,10.2333,72.54,63,90,3.89,DE,2022-06-17 18:57:42
240,Codrington,-38.2667,141.9667,47.3,88,19,5.66,AU,2022-06-17 18:57:42
241,Sao Joao Da Barra,-21.6403,-41.0511,80.69,68,0,15.82,BR,2022-06-17 18:57:42
242,Naron,43.5167,-8.1528,72.55,88,94,4.5,ES,2022-06-17 18:57:43
243,Ust-Nera,64.5667,143.2,57.24,63,100,3.06,RU,2022-06-17 18:57:43
244,Severo-Kurilsk,50.6789,156.125,48.87,77,100,9.33,RU,2022-06-17 18:53:58
245,Susanville,40.4163,-120.653,64.9,16,0,14.97,US,2022-06-17 18:57:43
246,Hamilton,39.1834,-84.5333,88.95,53,100,7.0,US,2022-06-17 18:57:44
247,Pemba,-12.974,40.5178,75.4,74,84,20.54,MZ,2022-06-17 18:57:44
248,Westport,41.1415,-73.3579,91.09,61,0,8.99,US,2022-06-17 18:57:44
249,Pimentel,-6.8367,-79.9342,71.89,56,0,17.27,PE,2022-06-17 18:57:45
250,Hami,42.8,93.45,80.22,17,68,20.8,CN,2022-06-17 18:57:45
251,Coihaique,-45.5752,-72.0662,41.61,75,75,4.61,CL,2022-06-17 18:55:20
252,Mayo,38.8876,-76.5119,98.13,51,26,4.0,US,2022-06-17 18:57:45
253,Hangzhou,30.2937,120.1614,80.51,86,100,3.06,CN,2022-06-17 18:57:46
254,Machakos,-1.5167,37.2667,67.95,93,2,5.3,KE,2022-06-17 18:57:46
255,Sorong,-0.8833,131.25,77.83,87,100,4.21,ID,2022-06-17 18:57:47
256,Hambantota,6.1241,81.1185,77.34,100,75,5.75,LK,2022-06-17 18:57:47
257,Fort Nelson,58.8053,-122.7002,60.39,77,75,8.05,CA,2022-06-17 18:57:47
258,Olafsvik,64.8945,-23.7142,45.45,91,100,25.12,IS,2022-06-17 18:57:48
259,Porto Nacional,-10.7081,-48.4172,91.4,26,70,0.58,BR,2022-06-17 18:57:48
260,Ciudad Bolivar,8.1222,-63.5497,88.05,53,90,8.28,VE,2022-06-17 18:57:48
261,Byron Bay,-28.65,153.6167,51.94,84,84,8.88,AU,2022-06-17 18:57:49
262,Svetlaya,46.5389,138.3297,52.21,99,100,4.7,RU,2022-06-17 18:57:49
263,Borinskoye,52.4569,39.3713,57.97,83,100,5.17,RU,2022-06-17 18:57:49
264,Mogadishu,2.0371,45.3438,79.05,76,81,15.99,SO,2022-06-17 18:57:49
265,Sisimiut,66.9395,-53.6735,36.21,94,85,8.57,GL,2022-06-17 18:57:50
266,Plouzane,48.3833,-4.6167,84.25,51,0,6.91,FR,2022-06-17 18:57:50
267,Lagoa,39.05,-27.9833,67.26,90,0,8.25,PT,2022-06-17 18:57:50
268,Derzhavinsk,51.1,66.3167,72.05,48,36,8.68,KZ,2022-06-17 18:57:51
269,Bukama,-9.2,25.85,72.25,37,23,1.83,CD,2022-06-17 18:57:51
270,Poli,-3.3333,36.8,58.03,85,49,6.55,TZ,2022-06-17 18:57:51
271,Sladkovicovo,48.2014,17.6385,71.31,64,94,8.61,SK,2022-06-17 18:57:52
272,Geraldton,-28.7667,114.6,66.61,68,40,18.41,AU,2022-06-17 18:57:52
273,Upata,8.0086,-62.3989,78.98,81,51,5.08,VE,2022-06-17 18:57:52
274,Zubtsov,56.1753,34.5894,51.94,89,6,3.62,RU,2022-06-17 18:57:53
275,Rio Verde De Mato Grosso,-18.9181,-54.8442,86.16,47,1,12.35,BR,2022-06-17 18:58:53
276,Kirakira,-10.4544,161.9205,79.52,84,100,6.4,SB,2022-06-17 18:58:53
277,Melbu,68.5044,14.8297,51.62,71,20,8.05,NO,2022-06-17 18:58:54
278,Sandwick,60.0,-1.25,53.42,71,20,23.02,GB,2022-06-17 18:58:54
279,Abbeville,50.1,1.8333,78.76,65,7,4.07,FR,2022-06-17 18:58:55
280,Mandan,46.8267,-100.8896,84.81,48,0,16.11,US,2022-06-17 18:58:55
281,Puerto Escondido,15.85,-97.0667,84.9,65,100,12.88,MX,2022-06-17 18:58:55
282,Upernavik,72.7868,-56.1549,35.58,87,95,9.71,GL,2022-06-17 18:58:56
283,Tuy Hoa,13.0833,109.3,79.48,82,27,5.26,VN,2022-06-17 18:56:54
284,Miraflores,19.2167,-98.8083,70.45,35,54,3.47,MX,2022-06-17 18:58:56
285,Nouadhibou,20.931,-17.0347,71.58,73,0,28.77,MR,2022-06-17 18:55:14
286,Hervey Bay,-25.2986,152.8535,57.2,66,0,10.54,AU,2022-06-17 18:58:56
287,Tiarei,-17.5333,-149.3333,80.62,71,11,15.68,PF,2022-06-17 18:58:57
288,Port Elizabeth,-33.918,25.5701,50.29,76,0,2.3,ZA,2022-06-17 18:58:57
289,Price,39.5994,-110.8107,84.11,17,83,30.44,US,2022-06-17 18:55:12
290,Praia Da Vitoria,38.7333,-27.0667,73.76,88,75,10.51,PT,2022-06-17 18:55:35
291,Vestmannaeyjar,63.4427,-20.2734,54.59,71,40,27.63,IS,2022-06-17 18:58:58
292,Gornopravdinsk,60.05,69.9,55.15,68,98,3.6,RU,2022-06-17 18:58:58
293,Chateaubelair,13.2833,-61.25,82.92,70,40,11.5,VC,2022-06-17 18:58:58
294,Maumere,-8.6199,122.2111,80.33,79,64,6.8,ID,2022-06-17 18:58:59
295,Bambanglipuro,-7.95,110.2833,76.96,83,91,1.81,ID,2022-06-17 18:58:59
296,Port Blair,11.6667,92.75,80.64,89,40,2.3,IN,2022-06-17 18:58:59
297,Ust-Koksa,50.2696,85.6108,45.14,91,18,1.66,RU,2022-06-17 18:59:00
298,Vuktyl,63.8567,57.3094,58.3,90,100,3.65,RU,2022-06-17 18:59:00
299,Baran,25.1,76.5167,84.2,69,100,7.96,IN,2022-06-17 18:59:00
300,Nouakchott,18.0858,-15.9785,84.13,64,77,20.85,MR,2022-06-17 18:59:01
301,Constitucion,-35.3333,-72.4167,56.75,60,21,11.07,CL,2022-06-17 18:59:01
302,Inuvik,68.3499,-133.7218,70.81,28,75,13.8,CA,2022-06-17 18:54:28
303,Banjar,-8.19,114.9675,74.86,88,11,4.29,ID,2022-06-17 18:59:01
304,Tuatapere,-46.1333,167.6833,38.44,91,100,5.5,NZ,2022-06-17 18:59:02
305,Coquimbo,-29.9533,-71.3436,60.53,55,0,10.36,CL,2022-06-17 18:59:02
306,Hofn,64.2539,-15.2082,57.22,58,75,11.5,IS,2022-06-17 18:59:03
307,Chumikan,54.7183,135.315,37.47,99,100,3.22,RU,2022-06-17 18:59:03
308,Vanavara,60.34,102.2797,57.2,95,100,3.27,RU,2022-06-17 18:59:04
309,Alcudia,39.8532,3.1214,93.25,53,14,5.77,ES,2022-06-17 18:59:05
310,Aswan,24.0934,32.907,91.89,19,0,13.91,EG,2022-06-17 18:59:05
311,Chateauroux,46.8167,1.7,87.8,33,0,6.91,FR,2022-06-17 18:57:06
312,Verkhnyachka,48.8285,30.0396,56.71,94,100,2.44,UA,2022-06-17 18:59:06
313,Udachnyy,66.4167,112.4,64.45,48,54,8.34,RU,2022-06-17 18:59:06
314,San Policarpo,12.1791,125.5072,81.84,80,98,7.47,PH,2022-06-17 18:59:07
315,Monchegorsk,67.9397,32.8739,41.29,93,100,9.75,RU,2022-06-17 18:59:07
316,Bosobolo,4.1833,19.9,71.6,91,100,3.76,CD,2022-06-17 18:59:07
317,Bougouni,11.417,-7.479,80.64,67,70,7.85,ML,2022-06-17 18:59:08
318,Bukachacha,52.9833,116.9167,53.35,82,100,2.39,RU,2022-06-17 18:59:08
319,Souillac,-20.5167,57.5167,68.38,88,20,6.91,MU,2022-06-17 18:59:08
320,Shurugwi,-19.6702,30.0059,52.16,65,0,3.51,ZW,2022-06-17 18:59:09
321,Burnie,-41.0667,145.9167,44.94,91,48,3.33,AU,2022-06-17 19:00:09
322,Sitka,57.0531,-135.33,61.88,71,84,7.29,US,2022-06-17 18:55:40
323,Umm Lajj,25.0213,37.2685,88.14,49,0,7.58,SA,2022-06-17 19:00:10
324,Ariano Irpino,41.1489,15.0833,61.95,86,8,0.85,IT,2022-06-17 19:00:10
325,Arvika,59.6553,12.5852,59.61,94,100,9.26,SE,2022-06-17 19:00:11
326,Zacualpan,21.25,-105.1667,100.02,77,96,10.04,MX,2022-06-17 19:00:11
327,Oksfjord,70.2396,22.3479,52.0,72,91,7.34,NO,2022-06-17 19:00:12
328,Ayan,56.45,138.1667,43.27,96,100,1.86,RU,2022-06-17 19:00:12
329,Ugoofaaru,5.6667,73.0,82.42,77,100,11.92,MV,2022-06-17 19:00:13
330,San Rafael,-34.6177,-68.3301,57.04,23,0,4.16,AR,2022-06-17 18:55:19
331,Riyadh,24.6877,46.7219,100.54,12,4,10.92,SA,2022-06-17 18:55:42
332,Nieuw Amsterdam,5.8833,-55.0833,86.02,77,26,5.53,SR,2022-06-17 19:00:14
333,Shahr-E Kord,32.3256,50.8644,72.41,21,0,4.52,IR,2022-06-17 19:00:15
334,Fortuna Foothills,32.6578,-114.4119,106.21,13,0,7.0,US,2022-06-17 19:00:15
335,Parintins,-2.6283,-56.7358,90.63,40,8,3.11,BR,2022-06-17 19:00:16
336,Chatellerault,46.8,0.5333,93.92,29,7,8.41,FR,2022-06-17 19:00:16
337,Rapid Valley,44.0625,-103.1463,86.32,54,0,16.11,US,2022-06-17 19:00:17
338,Thunder Bay,48.4001,-89.3168,71.51,28,0,10.36,CA,2022-06-17 18:57:20
339,Kolo,52.2002,18.6387,62.85,66,100,4.29,PL,2022-06-17 19:00:18
340,Guymon,36.6828,-101.4816,97.25,14,0,19.55,US,2022-06-17 19:00:18
341,Asau,46.4333,26.4,61.72,93,100,1.97,RO,2022-06-17 19:00:19
342,Wahiawa,21.5028,-158.0236,77.22,71,98,8.41,US,2022-06-17 19:00:20
343,Noumea,-22.2763,166.4572,73.99,99,100,8.34,NC,2022-06-17 19:00:20
344,Daru,-9.0763,143.2092,78.13,88,88,15.57,PG,2022-06-17 19:00:21
345,Burns Lake,54.2331,-125.7533,50.97,91,100,5.57,CA,2022-06-17 19:00:06
346,Jaffna,9.6685,80.0074,82.74,80,100,18.39,LK,2022-06-17 19:00:21
347,Bowen,-20.0167,148.2333,63.12,88,0,9.48,AU,2022-06-17 19:00:22
348,Alofi,-19.0595,-169.9187,78.44,76,100,22.97,NU,2022-06-17 19:00:22
349,Jarvenpaa,60.4737,25.0899,60.84,62,0,9.22,FI,2022-06-17 19:00:23
350,Nesna,66.1967,13.0213,62.71,61,100,7.74,NO,2022-06-17 19:00:23
351,Marshfield,44.6689,-90.1718,78.66,60,0,13.0,US,2022-06-17 18:58:45
352,Copiapo,-27.3667,-70.3333,69.31,26,0,5.53,CL,2022-06-17 19:00:24
353,Porbandar,21.6422,69.6093,84.87,79,99,15.26,IN,2022-06-17 19:00:24
354,Guerrero Negro,27.9769,-114.0611,76.89,47,21,11.88,MX,2022-06-17 19:00:24
355,Pueblo,38.2545,-104.6091,97.79,28,0,1.99,US,2022-06-17 18:57:59
356,Touros,-5.1989,-35.4608,80.69,66,72,12.24,BR,2022-06-17 19:00:25
357,Pa Sang,18.5262,98.9394,79.0,81,100,2.57,TH,2022-06-17 19:00:25
358,Butterworth,5.3991,100.3638,78.84,92,20,0.0,MY,2022-06-17 19:00:26
359,Navahrudak,53.6,25.8333,53.56,93,0,6.35,BY,2022-06-17 19:00:26
360,Xinzhou,38.4092,112.7333,73.94,56,100,1.36,CN,2022-06-17 19:00:27
361,Benjamin Aceval,-24.9667,-57.5667,69.94,70,64,11.27,PY,2022-06-17 19:00:27
362,Erenhot,43.6475,111.9767,74.01,43,12,10.69,CN,2022-06-17 19:00:28
363,Trofors,65.5333,13.4063,60.67,62,100,3.6,NO,2022-06-17 19:00:28
364,Pangnirtung,66.1451,-65.7125,34.41,83,59,4.27,CA,2022-06-17 19:00:29
365,Srednekolymsk,67.45,153.6833,57.27,34,100,3.33,RU,2022-06-17 19:01:29
366,San Javier,37.8063,-0.8374,92.46,48,0,6.91,ES,2022-06-17 19:01:29
367,Andenes,69.3143,16.1194,48.18,81,75,13.8,NO,2022-06-17 19:01:30
368,Vardo,70.3705,31.1107,40.98,93,75,9.22,NO,2022-06-17 19:01:30
369,Gubkinskiy,64.434,76.5026,55.85,53,7,10.25,RU,2022-06-17 19:01:30
370,Boguchany,58.3814,97.4531,56.89,80,98,2.91,RU,2022-06-17 19:01:30
371,Kloulklubed,7.0419,134.2556,75.7,72,100,6.35,PW,2022-06-17 19:01:31
372,Wanaka,-44.7,169.15,36.03,94,52,3.2,NZ,2022-06-17 19:01:31
373,Xixiang,35.1628,112.865,82.11,44,98,3.02,CN,2022-06-17 19:01:31
374,Matara,5.9485,80.5353,77.97,88,100,9.98,LK,2022-06-17 19:01:32
375,Atbasar,51.8,68.3333,64.54,71,70,4.18,KZ,2022-06-17 19:01:32
376,Mount Isa,-20.7333,139.5,53.37,43,5,8.05,AU,2022-06-17 19:01:32
377,Cairns,-16.9167,145.7667,71.55,78,100,10.36,AU,2022-06-17 19:01:33
378,Honiara,-9.4333,159.95,77.23,82,99,5.01,SB,2022-06-17 19:01:33
379,Brainerd,46.358,-94.2008,78.58,46,0,7.56,US,2022-06-17 19:01:13
380,Port Lincoln,-34.7333,135.8667,53.53,68,0,12.48,AU,2022-06-17 19:01:34
381,Cimislia,46.52,28.7842,66.34,90,98,3.53,MD,2022-06-17 19:01:34
382,Beringovskiy,63.05,179.3167,48.11,75,1,3.31,RU,2022-06-17 19:01:34
383,Alicia,16.7794,121.6973,76.32,92,77,1.59,PH,2022-06-17 19:01:35
384,Canon City,38.441,-105.2424,95.02,22,0,10.36,US,2022-06-17 19:01:35
385,Chara,56.9064,118.2631,52.41,75,7,0.78,RU,2022-06-17 19:01:35
386,Fukue,32.6881,128.8419,72.14,93,100,3.56,JP,2022-06-17 19:01:36
387,Half Moon Bay,37.4636,-122.4286,70.88,63,0,13.8,US,2022-06-17 19:01:36
388,Lazaro Cardenas,17.9583,-102.2,83.61,66,100,9.78,MX,2022-06-17 19:01:36
389,Lahaina,20.8783,-156.6825,81.95,80,24,5.17,US,2022-06-17 19:01:37
390,Shenjiamen,29.9576,122.298,71.17,96,100,10.83,CN,2022-06-17 19:01:37
391,Araouane,18.9048,-3.5265,92.41,30,91,15.68,ML,2022-06-17 19:01:37
392,Kudahuvadhoo,2.6708,72.8944,82.04,76,84,8.28,MV,2022-06-17 19:01:38
393,Ixtapa,20.7,-105.2,86.23,73,56,7.0,MX,2022-06-17 19:01:38
394,Tchibanga,-2.85,11.0333,69.66,79,100,4.23,GA,2022-06-17 19:01:38
395,Thompson,55.7435,-97.8558,66.54,15,99,4.16,CA,2022-06-17 19:01:39
396,Mahajanga,-15.7167,46.3167,75.52,75,22,8.61,MG,2022-06-17 19:01:39
397,Iralaya,15.0,-83.2333,81.1,82,100,10.04,HN,2022-06-17 19:01:39
398,Novo Aripuana,-5.1206,-60.3797,91.47,32,48,3.6,BR,2022-06-17 19:01:40
399,Samarkand,39.6542,66.9597,74.62,43,2,6.91,UZ,2022-06-17 19:01:40
400,Diffa,13.3154,12.6113,88.07,43,100,14.94,NE,2022-06-17 19:01:41
401,Bairiki,1.3292,172.9752,81.12,79,18,14.25,KI,2022-06-17 19:01:41
402,Hovd,48.0056,91.6419,57.69,51,11,3.42,MN,2022-06-17 19:01:41
403,Nanortalik,60.1432,-45.2371,46.65,73,100,22.79,GL,2022-06-17 19:01:41
404,Russell,32.3502,-85.1999,95.97,32,21,6.71,US,2022-06-17 19:00:21
405,Rudnyy,52.9594,63.1206,62.83,72,22,3.98,KZ,2022-06-17 19:01:42
406,Kysyl-Syr,63.8986,122.7617,51.42,71,7,4.41,RU,2022-06-17 19:01:42
407,Narsaq,60.9167,-46.05,53.82,77,100,1.54,GL,2022-06-17 19:01:44
408,Siuna,13.7332,-84.7773,83.39,77,79,3.47,NI,2022-06-17 19:01:32
409,Bowmore,34.9421,-79.3031,100.74,49,20,6.91,US,2022-06-17 19:01:44
410,Kralendijk,12.15,-68.2667,80.55,81,96,22.64,BQ,2022-06-17 19:01:44
411,Dubbo,-32.25,148.6167,39.33,90,100,6.91,AU,2022-06-17 19:02:45
412,Inhambane,-23.865,35.3833,64.81,75,0,3.67,MZ,2022-06-17 19:02:45
413,Marsa Matruh,31.3525,27.2453,74.61,81,0,5.93,EG,2022-06-17 19:02:45
414,Deori Khas,23.4,79.0167,79.56,76,85,7.99,IN,2022-06-17 19:02:46
415,Nola,40.922,14.5329,72.63,83,76,3.76,IT,2022-06-17 19:02:46
416,Aklavik,68.2191,-135.0107,73.83,30,31,19.6,CA,2022-06-17 19:02:47
417,Tezu,27.9167,96.1667,72.41,99,100,3.18,IN,2022-06-17 19:02:47
418,Walvis Bay,-22.9575,14.5053,57.09,80,0,5.03,NA,2022-06-17 19:02:47
419,Buchanan,5.8808,-10.0467,77.2,83,99,13.94,LR,2022-06-17 19:02:47
420,Arklow,52.7931,-6.1414,62.29,86,100,5.55,IE,2022-06-17 19:02:48
421,The Valley,18.217,-63.0578,84.34,70,40,9.22,AI,2022-06-17 19:02:48
422,Mandera,3.9366,41.867,83.35,47,99,12.66,KE,2022-06-17 19:02:49
423,Dingle,10.9995,122.6711,78.24,86,100,3.27,PH,2022-06-17 19:02:49
424,Edd,13.9297,41.6925,88.81,66,93,5.32,ER,2022-06-17 19:02:49
425,Dorado,18.4588,-66.2677,88.34,82,75,14.97,PR,2022-06-17 19:02:50
426,Manzanillo,20.3433,-77.1167,87.03,64,95,3.56,CU,2022-06-17 19:02:50
427,Manadhoo,5.7667,73.3833,82.42,77,100,11.95,MV,2022-06-17 19:02:50
428,Taoudenni,22.6783,-3.9836,90.43,38,100,8.77,ML,2022-06-17 19:02:51
429,Oil City,41.4339,-79.7064,79.07,42,0,11.5,US,2022-06-17 19:02:51
430,Teguise,29.0605,-13.564,71.82,64,20,24.16,ES,2022-06-17 19:02:51
431,Kaeo,-35.1,173.7833,55.33,96,100,6.67,NZ,2022-06-17 19:02:52
432,Yar-Sale,66.8333,70.8333,52.72,54,44,9.82,RU,2022-06-17 19:02:52
433,Chokurdakh,70.6333,147.9167,37.15,72,100,8.9,RU,2022-06-17 19:02:52
434,Tazovskiy,67.4667,78.7,46.24,55,23,9.33,RU,2022-06-17 19:02:53
435,Cayenne,4.9333,-52.3333,86.04,12,75,10.36,GF,2022-06-17 19:00:06
436,Demidov,55.2706,31.515,53.04,89,15,3.91,RU,2022-06-17 19:02:53
437,Comodoro Rivadavia,-45.8667,-67.5,49.01,42,0,29.55,AR,2022-06-17 19:00:54
438,Ust-Kuyga,70.0167,135.6,38.89,74,8,3.89,RU,2022-06-17 19:02:54
439,Iquitos,-3.7481,-73.2472,89.02,52,24,1.41,PE,2022-06-17 19:02:54
440,Altay,47.8667,88.1167,54.81,58,66,3.13,CN,2022-06-17 19:02:54
441,Namibe,-15.1961,12.1522,63.79,84,5,8.14,AO,2022-06-17 19:02:55
442,Yerofey Pavlovich,53.9667,121.9667,49.33,92,7,3.94,RU,2022-06-17 19:02:55
443,Karaton,-6.3424,106.1045,73.51,93,83,0.45,ID,2022-06-17 19:02:55
444,Verkhoyansk,67.5447,133.385,48.51,49,20,2.77,RU,2022-06-17 19:02:56
445,Isangel,-19.55,169.2667,76.89,89,100,8.12,VU,2022-06-17 19:02:56
446,Kahului,20.8947,-156.47,84.22,65,40,16.11,US,2022-06-17 19:02:57
447,Djenne,13.9061,-4.5533,90.9,41,98,10.65,ML,2022-06-17 19:02:57
448,Athabasca,54.7169,-113.2854,60.55,87,100,11.54,CA,2022-06-17 19:01:51
449,Luanda,-8.8368,13.2343,70.47,82,56,12.97,AO,2022-06-17 19:02:52
450,Plaster Rock,46.9065,-67.39,64.92,96,100,10.02,CA,2022-06-17 19:02:58
451,Toppenish,46.3774,-120.3087,73.02,47,100,1.54,US,2022-06-17 19:02:58
452,Coracao De Jesus,-16.6853,-44.365,82.18,23,3,3.78,BR,2022-06-17 19:03:59
453,Ambulu,-8.345,113.6058,74.84,91,100,3.51,ID,2022-06-17 19:03:59
454,Labuhan,-6.8844,112.2051,77.72,85,100,4.81,ID,2022-06-17 19:03:59
455,Balikpapan,-1.2675,116.8289,74.39,100,75,3.44,ID,2022-06-17 19:04:00
456,Ayr,55.4627,-4.6339,57.09,82,75,14.97,GB,2022-06-17 19:04:00
457,Qaqortoq,60.7167,-46.0333,41.18,83,100,3.15,GL,2022-06-17 19:04:00
458,Erzin,36.9559,36.2,77.43,57,0,1.32,TR,2022-06-17 19:04:01
459,Palora,-1.7,-77.9333,78.91,50,62,4.99,EC,2022-06-17 19:04:01
460,Chapais,49.7834,-74.8492,53.38,94,100,11.83,CA,2022-06-17 19:04:01
461,Nalut,30.3333,10.85,85.86,17,0,8.23,LY,2022-06-17 19:04:02
462,Poum,-20.2333,164.0167,75.24,86,100,13.15,NC,2022-06-17 19:04:02
463,Cuiluan,47.72,128.648,53.17,96,0,4.0,CN,2022-06-17 19:04:03
464,Anloga,5.7947,0.8973,77.11,84,100,13.89,GH,2022-06-17 19:04:03
465,Guarapari,-20.6667,-40.4975,74.89,67,0,12.82,BR,2022-06-17 19:04:03
466,Madang,-5.2246,145.7966,75.34,91,95,2.33,PG,2022-06-17 19:04:04
467,Pochutla,15.7432,-96.4661,86.83,60,100,7.92,MX,2022-06-17 19:04:04
468,Chicama,-7.8447,-79.1469,66.74,58,94,9.78,PE,2022-06-17 19:04:04
469,Hopelchen,19.7667,-89.85,87.55,53,100,4.12,MX,2022-06-17 19:04:05
470,Kandrian,-6.2167,149.55,75.54,92,95,5.28,PG,2022-06-17 19:04:05
471,Trelleborg,55.3751,13.1569,65.14,85,100,11.41,SE,2022-06-17 19:04:05
472,Romny,50.751,33.4747,58.78,78,100,4.85,UA,2022-06-17 19:04:06
473,Nerchinskiy Zavod,51.3088,119.61,52.29,75,11,3.29,RU,2022-06-17 19:04:06
474,Esperance,-33.8667,121.9,55.24,85,100,20.09,AU,2022-06-17 19:04:06
475,Berlevag,70.8578,29.0864,41.0,87,75,10.36,NO,2022-06-17 19:04:07
476,Gopalpur,19.2667,84.9167,83.46,80,100,14.88,IN,2022-06-17 19:04:07
477,Lerwick,60.1545,-1.1494,51.8,76,4,26.4,GB,2022-06-17 19:04:07
478,Sao Filipe,14.8961,-24.4956,74.98,75,11,14.99,CV,2022-06-17 19:04:07
479,Gravdal,68.1214,13.5031,50.97,76,8,8.01,NO,2022-06-17 19:04:08
480,De Aar,-30.6497,24.0123,51.58,35,0,7.43,ZA,2022-06-17 19:04:08
481,Tigzirt,36.8886,4.1198,78.64,53,1,8.75,DZ,2022-06-17 19:04:08
482,Los Llanos De Aridane,28.6585,-17.9182,71.13,82,40,16.11,ES,2022-06-17 19:04:09
483,Kumbo,6.2,10.6667,59.67,96,100,2.73,CM,2022-06-17 19:04:09
484,Pangkalanbuun,-2.6833,111.6167,72.54,99,100,1.81,ID,2022-06-17 19:04:09
485,Waitati,-45.75,170.5667,40.8,80,4,4.03,NZ,2022-06-17 19:04:10
486,Willowmore,-33.2926,23.4895,53.2,33,12,6.15,ZA,2022-06-17 19:04:10
487,Menongue,-14.6585,17.691,59.58,42,56,4.36,AO,2022-06-17 19:04:11
488,Kununurra,-15.7667,128.7333,53.58,87,5,2.3,AU,2022-06-17 19:04:11
489,Xingyi,24.1877,102.817,59.99,98,100,3.91,CN,2022-06-17 19:04:11
490,Senanga,-16.1167,23.2667,63.72,35,75,4.94,ZM,2022-06-17 19:04:12
491,Garoua Boulai,5.8833,14.55,65.14,97,100,5.14,CM,2022-06-17 19:04:12
492,Santa Cruz,-17.8,-63.1667,85.98,36,6,6.93,BO,2022-06-17 19:01:04
493,Aykhal,66.0,111.5,61.45,55,70,8.95,RU,2022-06-17 19:04:13
494,Pryozerne,45.2698,36.3303,67.19,55,97,2.3,UA,2022-06-17 19:04:13
495,Urupes,-21.2017,-49.29,88.65,20,0,11.81,BR,2022-06-17 19:04:13
496,Casablanca,33.5928,-7.6192,75.42,74,99,11.18,MA,2022-06-17 19:05:14
497,Buxar,25.5833,83.9833,88.68,56,1,11.56,IN,2022-06-17 19:05:14
498,Mosquera,4.7059,-74.2302,62.69,67,75,9.22,CO,2022-06-17 19:04:07
499,Tadine,-21.55,167.8833,73.98,87,100,6.46,NC,2022-06-17 19:05:15
500,Norman Wells,65.282,-126.8329,67.32,39,0,11.01,CA,2022-06-17 19:05:15
501,Haines Junction,60.7522,-137.5108,69.76,31,100,5.53,CA,2022-06-17 19:05:15
502,Diamantino,-14.4086,-56.4461,91.89,34,93,6.13,BR,2022-06-17 19:05:15
503,Mugla,37.2303,28.3557,67.98,55,0,4.47,TR,2022-06-17 19:05:16
504,Diego De Almagro,-26.3667,-70.05,69.66,13,0,8.55,CL,2022-06-17 19:05:16
505,Leninsk,48.7119,45.1994,65.26,57,2,7.14,RU,2022-06-17 19:05:16
506,Buraydah,26.326,43.975,94.26,13,5,5.53,SA,2022-06-17 19:05:18
507,Oyonnax,46.2592,5.6573,80.73,66,6,3.22,FR,2022-06-17 19:05:18
508,Vestmanna,62.1564,-7.1664,45.52,93,100,19.57,FO,2022-06-17 19:05:19
509,Fortuna,40.5982,-124.1573,63.93,67,40,9.22,US,2022-06-17 19:05:19
510,Guantanamo,20.1444,-75.2092,89.17,61,90,11.48,CU,2022-06-17 19:05:19
511,Joutseno,61.118,28.5076,53.65,85,78,6.17,FI,2022-06-17 19:05:19
512,Sherlovaya Gora,50.5667,116.25,61.83,61,100,2.62,RU,2022-06-17 19:05:20
513,Moyale,3.5167,39.0584,67.71,68,49,3.94,KE,2022-06-17 19:02:18
514,Moose Factory,51.2585,-80.6094,40.98,93,100,24.16,CA,2022-06-17 19:05:20
515,Grand Gaube,-20.0064,57.6608,69.39,77,0,1.99,MU,2022-06-17 19:05:21
516,Atar,20.5169,-13.0499,98.51,23,2,25.75,MR,2022-06-17 19:05:21
517,Lodja,-3.4833,23.4333,78.1,49,100,2.01,CD,2022-06-17 19:05:21
518,Ankang,32.68,109.0172,74.01,65,86,1.12,CN,2022-06-17 19:05:22
519,The Pas,53.8251,-101.2541,62.06,45,77,10.78,CA,2022-06-17 19:04:26
520,Rio Claro,-22.4114,-47.5614,79.38,35,0,6.22,BR,2022-06-17 19:02:05
521,Imperia,43.9667,7.7833,76.33,79,17,3.2,IT,2022-06-17 19:05:00
522,Beisfjord,68.3751,17.5988,53.65,72,32,5.77,NO,2022-06-17 19:05:22
523,Wenling,28.3669,121.36,72.63,98,100,8.5,CN,2022-06-17 19:05:23
524,Surt,31.2089,16.5887,75.72,72,0,8.34,LY,2022-06-17 19:05:23
525,Manokwari,-0.8667,134.0833,77.29,79,5,3.18,ID,2022-06-17 19:05:23
526,Olhao,37.0286,-7.8411,81.28,66,0,14.97,PT,2022-06-17 19:05:24
527,Eyrarbakki,63.863,-21.1481,50.2,79,89,23.13,IS,2022-06-17 19:05:24
528,Oktyabrskiy,54.4815,53.471,57.9,96,100,0.96,RU,2022-06-17 19:02:06
529,Bhuj,23.2667,69.6667,84.13,75,3,16.55,IN,2022-06-17 19:05:25
530,Samarai,-10.6167,150.6667,79.9,82,8,7.07,PG,2022-06-17 19:05:25
531,Kemijarvi,66.7131,27.4306,45.9,76,94,3.6,FI,2022-06-17 19:05:25
532,Jiwani,25.05,61.7417,83.48,87,58,8.61,PK,2022-06-17 19:05:26
533,Pilar,-9.5972,-35.9567,73.33,94,100,4.85,BR,2022-06-17 19:00:53
534,Zavodoukovsk,56.5042,66.5515,60.4,76,0,3.56,RU,2022-06-17 19:05:26
535,Flinders,-34.5833,150.8552,56.17,73,95,5.01,AU,2022-06-17 19:05:26
536,Kyabram,-36.3167,145.05,40.87,92,0,4.45,AU,2022-06-17 19:05:27
537,Salinas,36.6777,-121.6555,70.56,55,0,11.5,US,2022-06-17 19:05:27
538,Harper,4.375,-7.7169,78.48,70,100,12.17,LR,2022-06-17 19:05:27
539,Petropavlovsk-Kamchatskiy,53.0452,158.6483,43.39,100,75,6.71,RU,2022-06-17 19:05:28
540,Villeneuve-Les-Avignon,43.9684,4.7963,95.13,23,0,18.41,FR,2022-06-17 19:05:28
541,Venado Tuerto,-33.7456,-61.9688,57.76,18,0,19.82,AR,2022-06-17 19:05:28
542,Saint-Leu,-21.15,55.2833,70.66,80,22,4.47,RE,2022-06-17 19:05:29
543,Barabinsk,55.3571,78.357,53.55,97,21,7.63,RU,2022-06-17 19:05:29
544,Havoysund,70.9963,24.6622,43.03,69,99,13.2,NO,2022-06-17 19:06:29
545,Dolzhanskaya,46.6311,37.8039,72.37,53,0,9.71,RU,2022-06-17 19:06:30
546,Takestan,36.0696,49.6959,69.19,54,0,7.76,IR,2022-06-17 19:06:30
547,Merke,42.8728,73.1786,67.89,57,100,3.71,KZ,2022-06-17 19:06:30
548,Coxim,-18.5067,-54.76,88.95,41,22,12.33,BR,2022-06-17 19:06:31
549,Jerome,42.7241,-114.5186,94.48,21,0,11.5,US,2022-06-17 19:02:21
550,Rocha,-34.4833,-54.3333,53.04,54,9,19.77,UY,2022-06-17 19:06:31
551,Leningradskiy,69.3833,178.4167,36.81,74,26,4.29,RU,2022-06-17 19:06:31
